note,warn_count
legal-drafting-solves-the-same-problem-as-context-engineering.md,4
automating-kb-learning-is-an-open-problem.md,3
backlinks.md,3
commonplace-installation-architecture.md,3
context-efficiency-is-the-central-design-concern-in-agent-systems.md,3
elicitation-requires-maintained-question-generation-systems.md,3
oracle-strength-spectrum.md,3
quality-signals-for-kb-evaluation.md,3
scenario-decomposition-drives-architecture.md,3
a-good-agentic-kb-maximizes-contextual-competence-through-discoverable-composable-trustworthy-knowledge.md,2
active-campaign-understanding-needs-a-single-coherent-narrative-not-composed-notes.md,2
ad-hoc-prompts-extend-the-system-without-schema-changes.md,2
agent-context-is-constrained-by-soft-degradation-not-hard-token-limits.md,2
agent-orchestration-needs-coordination-guarantees-not-just-coordination-channels.md,2
agent-orchestration-occupies-a-multi-dimensional-design-space.md,2
agent-runtimes-decompose-into-scheduler-context-engine-and-execution-substrate.md,2
agent-statelessness-makes-routing-architectural-not-learned.md,2
agent-statelessness-means-the-context-engine-should-inject-context-automatically.md,2
agentic-systems-interpret-underspecified-instructions.md,2
apparent-success-is-an-unreliable-health-signal-in-framework-owned-tool-loops.md,2
automated-synthesis-is-missing-good-oracles.md,2
automated-tests-for-text.md,2
bounded-context-orchestration-model.md,2
brainstorming-how-reach-informs-kb-design.md,2
changing-requirements-conflate-genuine-change-with-disambiguation-failure.md,2
claim-notes-should-use-toulmin-derived-sections-for-structured-argument.md,2
claw-learning-is-broader-than-retrieval.md,2
codification-and-relaxing-navigate-the-bitter-lesson-boundary.md,2
commonplace-architecture.md,2
constraining-and-distillation-both-trade-generality-for-reliability-speed-and-cost.md,2
constraining-during-deployment-is-continuous-learning.md,2
constraining.md,2
conversation-vs-prompt-refinement-in-agent-to-agent-coordination.md,2
decomposition-rules-for-bounded-context-scheduling.md,2
deep-search-is-connection-methodology-applied-to-temporarily-expanded-corpus.md,2
deploy-time-learning-is-agile-for-human-ai-systems.md,2
deploy-time-learning-the-missing-middle.md,2
design-methodology-borrow-widely-filter-by-first-principles.md,2
directory-scoped-types-are-cheaper-than-global-types.md,2
discovery-is-seeing-the-particular-as-an-instance-of-the-general.md,2
distillation.md,2
document-types-should-be-verifiable.md,2
effective-context-is-task-relative-and-complexity-relative-not-a-fixed-model-constant.md,2
entropy-management-must-scale-with-generation-throughput.md,2
ephemeral-computation-prevents-accumulation.md,2
ephemerality-is-safe-where-embedded-operational-knowledge-has-low-reach.md,2
epiplexity-eli5.md,2
error-correction-works-above-chance-oracles-with-decorrelated-checks.md,2
error-messages-that-teach-are-a-constraining-technique.md,2
evaluation-automation-is-phase-gated-by-comprehension.md,2
files-not-database.md,2
first-principles-reasoning-selects-for-explanatory-reach-over-adaptive-fit.md,2
frontloading-spares-execution-context.md,2
human-llm-differences-are-load-bearing-for-knowledge-system-design.md,2
human-writing-structures-transfer-to-llms-because-failure-modes-overlap.md,2
in-context-learning-presupposes-context-engineering.md,2
information-value-is-observer-relative.md,2
injectable-configuration-extends-frontloading-to-installation-specific-values.md,2
inspectable-substrate-not-supervision-defeats-the-blackbox-problem.md,2
instructions-are-skills-without-automatic-routing.md,2
instructions-are-typed-callables.md,2
interpretation-errors-are-failures-of-the-interpreter.md,2
kb-goals-in-always-loaded-context-guide-inclusion-decisions.md,2
knowledge-storage-does-not-imply-contextual-activation.md,2
learning-is-not-only-about-generality.md,2
link-contracts-framework.md,2
link-graph-plus-timestamps-enables-make-like-staleness-detection.md,2
link-strength-is-encoded-in-position-and-prose.md,2
llm-context-is-composed-without-scoping.md,2
llm-learning-phases-fall-between-human-learning-modes.md,2
mcp-bundles-stateless-tools-with-stateful-runtime.md,2
mechanistic-constraints-make-popperian-kb-recommendations-actionable.md,2
memory-management-policy-is-learnable-but-oracle-dependent.md,2
methodology-enforcement-is-constraining.md,2
minimum-viable-vocabulary-is-the-set-of-names-that-maximally-reduces-extraction-cost-for-a-bounded-observer.md,2
notes-need-quality-scores-to-scale-curation.md,2
operational-signals-that-a-component-is-a-relaxing-candidate.md,2
process-structure-and-output-structure-are-independent-levers.md,2
programming-practices-apply-to-prompting.md,2
prompt-ablation-converts-human-insight-to-deployable-framing.md,2
reliability-dimensions-map-to-oracle-hardening-stages.md,2
rlm-has-the-model-write-ephemeral-orchestrators-over-sub-agents.md,2
scenarios.md,2
scheduler-llm-separation-exploits-an-error-correction-asymmetry.md,2
semantic-review-catches-content-errors-that-structural-validation-cannot.md,2
semantic-sub-goals-that-exceed-one-context-window-become-scheduling-problems.md,2
session-history-should-not-be-the-default-next-context.md,2
short-composable-notes-maximize-combinatorial-discovery.md,2
soft-bound-traditions-as-sources-for-context-engineering-strategies.md,2
spec-mining-as-codification.md,2
specification-level-separation-recovers-scoping-before-it-recovers-error-correction.md,2
specification-strategy-should-follow-where-understanding-lives.md,2
stale-indexes-are-worse-than-no-indexes.md,2
storing-llm-outputs-is-constraining.md,2
structure-activates-higher-quality-training-distributions.md,2
subtasks-that-need-different-tools-force-loop-exposure-in-agent-frameworks.md,2
synthesis-is-not-error-correction.md,2
text-testing-framework.md,2
the-boundary-of-automation-is-the-boundary-of-verification.md,2
three-space-memory-separation-predicts-measurable-failure-modes.md,2
title-as-claim-enables-traversal-as-reasoning.md,2
trace-derived-learning-techniques-in-related-systems.md,2
traversal-improves-the-graph.md,2
two-context-boundaries-govern-collection-operations.md,2
types-give-agents-structural-hints-before-opening-documents.md,2
unified-calling-conventions-enable-bidirectional-refactoring.md,2
unit-testing-llm-instructions-requires-mocking-the-tool-boundary.md,2
vibe-noting.md,2
what-cludebot-teaches-us.md,2
what-doesnt-work.md,2
what-works.md,2
why-directories-despite-their-costs.md,2
wikiwiki-principle-lowest-friction-capture-then-progressive-refinement.md,2
writing-styles-are-strategies-for-managing-underspecification.md,2
001-generate-topic-links-from-frontmatter.md,1
a-functioning-kb-needs-a-workshop-layer-not-just-a-library.md,1
a-knowledge-base-should-support-fluid-resolution-switching.md,1
agents-md-should-be-organized-as-a-control-plane.md,1
agents-navigate-by-deciding-what-to-read-next.md,1
alexander-patterns-and-knowledge-system-design.md,1
areas-exist-because-useful-operations-require-reading-notes-together.md,1
bitter-lesson-boundary.md,1
capability-placement-should-follow-autonomy-readiness.md,1
codification.md,1
codified-scheduling-patterns-can-turn-tools-into-hidden-schedulers.md,1
context-engineering.md,1
continuous-learning-requires-durability-not-weight-updates.md,1
convert-still-requires-semantic-description.md,1
deterministic-validation-should-be-a-script.md,1
distillation-status-determines-directory-placement.md,1
distilled-artifacts-need-source-tracking-at-the-source.md,1
document-classification.md,1
enforcement-without-structured-recovery-is-incomplete.md,1
execution-indeterminism-is-a-property-of-the-sampling-process.md,1
generate-instructions-at-build-time.md,1
indirection-is-costly-in-llm-instructions.md,1
instruction-specificity-should-match-loading-frequency.md,1
learning-substrates-backends-and-artifact-forms.md,1
llm-context-is-a-homoiconic-medium.md,1
llm-mediated-schedulers-are-a-degraded-variant-of-the-clean-model.md,1
needs-testing.md,1
periodic-kb-hygiene-should-be-externally-triggered-not-embedded-in-routing.md,1
pointer-design-tradeoffs-in-progressive-disclosure.md,1
reverse-compression-is-the-failure-mode-where-llm-output-expands-without-adding-information.md,1
silent-disambiguation-is-the-semantic-analogue-of-tool-fallback.md,1
solve-low-degree-of-freedom-subproblems-first-to-avoid-blocking-better-designs.md,1
stateful-tools-recover-control-by-becoming-hidden-schedulers.md,1
structured-output-is-easier-for-humans-to-review.md,1
systematic-prompt-variation-serves-verification-and-diagnosis-not-explanatory-reach-testing.md,1
the-augmentation-automation-boundary-is-discrimination-not-accuracy.md,1
the-chat-history-model-trades-context-efficiency-for-implementation-simplicity.md,1
three-space-agent-memory-maps-to-tulving-taxonomy.md,1
title-as-claim-exposes-commitments-enabling-popperian-maintenance.md,1
title-as-claim-makes-overlap-between-notes-visible.md,1
traditional-debugging-intuitions-break-when-tool-loops-can-recover-semantically.md,1
two-kinds-of-navigation.md,1
why-notes-have-types.md,1
